uii,name,type
12152,ACADEMIA DE TECHNOLOGIA IN MINDANAO,Private
12120,ACLC COLLEGE OF MARBEL,Private
12113,ACLC COLLEGE-GENERAL SANTOS CITY,Private
12104,"ADVENTIST COLLEGE OF TECHNOLOGY, INCORPORATED",Private
12098,AMA COMPUTER COLLEGE-COTABATO CITY,Private
11119,AMA COMPUTER COLLEGE-GENERAL SANTOS CITY,Private
12097,"ANTONIO R. PACHECO COLLEGE, INC.",Private
12117,"ASIAN COLLEGES AND TECHNOLOGICAL INSTITUTE, INC",Private
12130,"B.E.S.T. COLLEGE OF POLOMOLOK, INC.",Private
12112,"BROKENSHIRE COLLEGE SOCSKSARGEN, INC.",Private
12002,CENTRAL MINDANAO COLLEGES,Private
12093,"CENTRAL MINDANAO COMPUTER SCHOOL., INC.",Private
12125,"COLAND SYSTEMS TECHNOLOGY, INC.",Private
12045,COLEGIO DE KIDAPAWAN,Private
12008,COTABATO FOUNDATION COLLEGE OF SCIENCE AND TECHNOLOGY,SUC
12008d,COTABATO FOUNDATION COLLEGE OF SCIENCE AND TECHNOLOGY - PIKIT,SUC
12008a,COTABATO FOUNDATION COLLEGE OF SCIENCE AND TECHNOLOGY-ARAKAN CAMPUS,SUC
12008c,COTABATO FOUNDATION COLLEGE OF SCIENCE AND TECHNOLOGY-KATIPUNAN CAMPUS,SUC
12010,"COTABATO MEDICAL FOUNDATION COLLEGE, INCORPORATED",Private
12006,COTABATO STATE UNIVERSITY,SUC
12140,"CRONASIA FOUNDATION COLLEGE, INC.",Private
12011,"DE LA VIDA COLLEGE, INC.",Private
12012,"DR. DOMINGO B. TAMONDONG MEMORIAL HOSPITAL & COLLEGE FOUNDATION, INC.",Private
12013,"DR. P. OCAMPO COLLEGES, INC.",Private
11024,"EDENTON MISSION COLLEGE, INC.",Private
12166,ENVIROGREEN SCHOOL OF TECHNOLOGY,Private
12150,FILIPINO CANADIAN COMMUNITY COLLEGE FOUNDATION INCORPORATED,Private
12132,"GENERAL SANTOS ACADEMY, INCORPORATED",Private
12108,"GENERAL SANTOS DOCTORS' MEDICAL SCHOOL FOUNDATION, INC.",Private
12144,"GENSAN COLLEGE OF TECHNOLOGY, INC.",Private
11029,"GENSANTOS FOUNDATION COLLEGE, INC.",Private
12153,GLAN INSTITUTE OF TECHNOLOGY,LUC
12105,GOLDENSTATE COLLEGE,Private
12157,"GOLDENSTATE COLLEGE OF KIAMBA, INC.",Private
12126,"GOLDENSTATE COLLEGE OF KORONADAL CITY, INC.",Private
12158,"GOLDENSTATE COLLEGE OF MAASIM, INC.",Private
12159,"GOLDENSTATE COLLEGE OF MALUNGON, INC.",Private
12141,GREEN VALLEY COLLEGE FOUNDATION - ISULAN CAMPUS,Private
11113,"GREEN VALLEY COLLEGE FOUNDATION, INC.",Private
12016,"HEADSTART COLLEGE OF COTABATO, INC.",Private
12114,"HOLY CHILD CENTRAL COLLEGES, INC.",Private
11036,HOLY TRINITY COLLEGE OF GENERAL SANTOS CITY,Private
12124,I-LINK COLLEGE OF SCIENCE AND TECHNOLOGY INC.,Private
12128,INTERNATIONAL CRUISE SHIP COLLEGE,Private
12154,"JAMMAT COTABATO AND INSTITUTE OF TECHNOLOGY, INCORPORATED",Private
12136,JOJI ILAGAN INTERNATIONAL SCHOOL OF HOTEL AND TOURISM MANAGEMENT,Private
12142,"KIDAPAWAN DOCTORS COLLEGE, INCORPORATED",Private
12163,"KING SOLOMON INSTITUTE, INC.",Private
12025,KING'S COLLEGE OF ISULAN,Private
11038,"KING'S COLLEGE OF MARBEL, INC.",Private
12121,"KORBEL FOUNDATION COLLEGE, INC.",Private
12143,KULAMAN ACADEMY INC.,Private
12107,"KUTAWATO DARUSSALAM COLLEGE, INC.",Private
12031,LEBAK FAMILY DOCTORS' SCHOOL OF MIDWIFERY,Private
12147,MAKILALA INSTITUTE OF SCIENCE AND TECHNOLOGY,LUC
12169,MALAPATAN COLLEGE OF SCIENCE AND TECHNOLOGY,LUC
12133,MARBEL INSTITUTE OF TECHNICAL COLLEGE,Private
11116,"MARBEL SCHOOL OF SCIENCE AND TECHNOLOGY,INC.",Private
12127,"MARVELOUS COLLEGE OF TECHNOLOGY, INC.",Private
12123,MICROSPAN SOFTWARE TECHNOLOGY,Private
12037,"MINDANAO CAPITOL COLLEGES, INC.",Private
11045,MINDANAO POLYTECHNIC COLLEGE,Private
11048,MINDANAO STATE UNIVERSITY - GENERAL SANTOS CITY,SUC
12138,"MMG COLLEGE OF GENERAL SANTOS CITY, INC.",Private
12160,"NEW BRIGHTON SCHOOL OF THE PHILIPPINES, INC.",Private
12151,"NEW ERA UNIVERSITY, GENERAL SANTOS CITY BRANCH",Private
12167,"NEW HOPE SCHOOL OF AGRICULTURE AND FISHERY, INC.",Private
12171,"NORTH CIRCLE ACADEMY, INC.",Private
12137,NORTH POINT COLLEGE OF ARTS AND TECHNOLOGY,Private
12086,"NORTH VALLEY COLLEGE FOUNDATION, INCORPORATED",Private
12047,"NOTRE DAME CENTER FOR CATECHESIS, INC.",Private
12048,"NOTRE DAME HOSPITAL AND SIENA COLLEGE OF COTABATO, INC.",Private
11051,NOTRE DAME OF DADIANGAS UNIVERSITY,Private
12049,NOTRE DAME OF KIDAPAWAN COLLEGE,Private
11052,NOTRE DAME OF MARBEL UNIVERSITY,Private
12050,NOTRE DAME OF MIDSAYAP COLLEGE,Private
12051,NOTRE DAME OF SALAMAN COLLEGE,Private
12052,NOTRE DAME OF TACURONG COLLEGE,Private
12053,NOTRE DAME UNIVERSITY,Private
12111,NOTRE DAME-RVM COLLEGE OF COTABATO,Private
12110,NOTRE DAME-SIENA COLLEGE OF POLOMOLOK,Private
12161,"PACIFIC SOUTHBAY COLLEGE, INC.",Private
12145,"PRIMASIA FOUNDATION COLLEGE, INC.",Private
12058,QUEZON COLLEGES OF SOUTHERN PHILIPPINES,Private
11059,RAMON MAGSAYSAY MEMORIAL COLLEGES,Private
12131,"RAMON MAGSAYSAY MEMORIAL COLLEGES-MARBEL, INC.",Private
12109,READ DATA ACCESS COMPUTER COLLEGE,Private
12005,"REGENCY POLYTECHNIC COLLEGE, INC",Private
11081,"SANTA CRUZ MISSION SCHOOL, INC.",Private
12164,"SANTO NINO COLLEGE FOUNDATION, INC.",Private
11057,"SCHOLA DE SAN JOSE, INC.",Private
12064,"SENATOR NINOY AQUINO COLLEGE FOUNDATION, INC.",Private
12065,SHARIFF KABUNSUAN COLLEGE,Private
12170,"SOUTH ASIATECH COLLEGE, INC.",Private
12149,"SOUTH CENTRAL MINDANAO COLLEGE OF SCIENCE AND TECHNOLOGY, INC.",Private
11106,SOUTH COTABATO STATE COLLEGE,SUC
12115,"SOUTH EAST ASIAN INSTITUTE OF TECHNOLOGY, INC.",Private
12066,SOUTHERN BAPTIST COLLEGE,Private
12067,SOUTHERN CHRISTIAN COLLEGE,Private
12068,"SOUTHERN MINDANAO INSTITUTE OF TECHNOLOGY, INC.",Private
12155,"SOUTH PHILIPPINE TECHNICAL COLLEGE OF KORONADAL, INCORPORATED",Private
12069,"SOUTH PHILIPPINES METHODIST COLLEGES, INC.",Private
12146,"SOUTHPOINT COLLEGE OF ARTS AND TECHNOLOGY (SPAT), INC.",Private
11022,"ST. ALEXIUS COLLEGE, INC.",Private
12059,ST. BENEDICT COLLEGE OF COTABATO,Private
12060,ST. LUKE'S INSTITUTE,Private
11112,"STI COLLEGE - GEN. SANTOS , INC",Private
12122,"STI COLLEGE KORONADAL CITY, INC.",Private
12129,"STI COLLEGE KORONADAL CITY, INC. TACURONG BRANCH",Private
12089,STI COLLEGE-COTABATO,Private
12119,STRATFORD INTERNATIONAL SCHOOL,Private
12072,SULTAN KUDARAT EDUCATIONAL INSTITUTION,Private
12074,SULTAN KUDARAT STATE UNIVERSITY,SUC
12074d,SULTAN KUDARAT STATE UNIVERSITY - BAGUMBAYAN,SUC
12074a,SULTAN KUDARAT STATE UNIVERSITY-ISULAN,SUC
12074c,SULTAN KUDARAT STATE UNIVERSITY - KALAMANSIG,SUC
12074b,SULTAN KUDARAT STATE UNIVERSITY - LUTAYAN,SUC
12074f,SULTAN KUDARAT STATE UNIVERSITY - PALIMBANG,SUC
12074g,SULTAN KUDARAT STATE UNIVERSITY - TACURONG,SUC
12074e,SULTAN KUDARAT STATE UNIVERSITY-GLAN,SUC
12074i,SULTAN KUDARAT STATE UNIVERSITY-SNA,SUC
12044,UNIVERSITY OF SOUTHERN MINDANAO-KIDAPAWAN CITY CAMPUS,SUC
12078,UNIVERSITY OF SOUTHERN MINDANAO-MAIN,SUC
12172,UPM-SCHOOL OF HEALTH SCIENCES KORONADAL CAMPUS,SUC
12168,UST GENERAL SANTOS,Private
12139,VILLAMOR COLLEGE OF BUSINESS AND ARTS,Private
12116,"VMC ASIAN COLLEGE FOUNDATION, INC.",Private
12165,"VMC ASIAN COLLEGE OF PRESIDENT QUIRINO, INC.",Private
12148,WEST CELEBES COLLEGE OF TECHNOLOGY INCORPORATED,Private
